id,first_name,last_name,email,gender,department,salary
1,Evaleen,Bissill,ebissill0@mac.com,Female,Engineering,£28110.63
2,Chrisy,Mulvey,cmulvey1@abc.net.au,Male,Accounting,£34886.72
3,Ronni,Quadrio,rquadrio2@wufoo.com,Male,Product Management,£56447.51
4,Chery,Broseman,cbroseman3@cam.ac.uk,Female,Services,£42535.58
5,Lelia,Beadnall,lbeadnall4@livejournal.com,Female,Human Resources,£57500.48
6,Archibold,Eslinger,aeslinger5@cam.ac.uk,Male,Legal,£32775.63
7,Vida,MacArthur,vmacarthur6@desdev.cn,Female,Research and Development,£58116.07
8,Odey,Rapin,orapin7@guardian.co.uk,Male,Training,£32643.37
9,Jacquenetta,Cottem,jcottem8@fotki.com,Female,Support,£20902.55
10,Arny,Mullaly,amullaly9@toplist.cz,Male,Accounting,£53201.85
